,Zscore_Sensitivity
volume_vpt,3.148208219872289
trend_aroon_ind,2.4446142366667853
volatility_dcl,2.2522295085108124
trend_kst_diff,1.8562781758054627
momentum_rsi,1.4469803295117516
trend_visual_ichimoku_a,1.4117662624317933
trend_ema_fast,1.2050539356243108
trend_ichimoku_a,1.0180657233629349
volume_fi,0.9944750220437674
momentum_stoch_rsi,0.986290764235146
momentum_kama,0.9361786001089426
momentum_ppo,0.8766247389030698
trend_macd,0.842184702175404
others_cr,0.81317731212583
trend_ema_slow,0.8068139918567492
volatility_dcp,0.7954776103113296
trend_macd_diff,0.7808074941897492
momentum_ppo_hist,0.7389106293518268
momentum_ao,0.6763824972629608
trend_aroon_up,0.6530729616696482
